,code,type,country,item
0,8536,import country, CHINA P RP,1.52
1,8536,import country, GERMANY,0.98
2,8536,import country, KOREA RP,0.74
3,8536,import country, JAPAN,0.59
4,8536,import country, U S A,0.53
5,8536,import country, SINGAPORE,0.35
6,8536,import country, FRANCE,0.30
7,8536,import country, ITALY,0.19
8,8536,import country, U K,0.19
9,8536,import country, THAILAND,0.14
10,8536,import port, MUMBAI AIR,1.05
11,8536,import port, DELHI AIR,1.04
12,8536,import port, BANGALORE AIRPORT,0.93
13,8536,import port, CHENNAI SEA,0.80
14,8536,import port, NHAVA SHEVA SEA,0.62
15,8536,import port, CHENNAI AIR,0.40
16,8536,import port, CFS PATPARGANJ,0.19
17,8536,import port, ICD BANGALORE,0.15
18,8536,import port, HYDERABAD AIRPORT,0.12
19,8536,import port, CFS ALBATROSS/ICD DADRI,0.12
20,7318,country, CHINA P RP,0.77
21,7318,country, JAPAN,0.76
22,7318,country, GERMANY,0.61
23,7318,country, KOREA RP,0.44
24,7318,country, U S A,0.28
25,7318,country, U K,0.25
26,7318,country, THAILAND,0.21
27,7318,country, ITALY,0.18
28,7318,country, TAIWAN,0.17
29,7318,country, FRANCE,0.13
30,7318,import port, CHENNAI SEA,1.02
31,7318,import port, NHAVA SHEVA SEA,0.75
32,7318,import port, ICD GARHIHARSARU,0.42
33,7318,import port, BANGALORE AIRPORT,0.34
34,7318,import port, MUMBAI AIR,0.31
35,7318,import port, DELHI AIR,0.19
36,7318,import port, DELHI (ICD),0.17
37,7318,import port, CHENNAI AIR,0.17
38,7318,import port, ICD Irungattukottai,0.17
39,7318,import port, CFS PATPARGANJ,0.13
40,4016,country, GERMANY,0.40
41,4016,country, U S A,0.39
42,4016,country, JAPAN,0.37
43,4016,country, CHINA P RP,0.32
44,4016,country, KOREA RP,0.23
45,4016,country, ITALY,0.17
46,4016,country, THAILAND,0.13
47,4016,country, FRANCE,0.11
48,4016,country, U K,0.11
49,4016,country, SINGAPORE,0.11
50,4016,import port, NHAVA SHEVA SEA,0.52
51,4016,import port, CHENNAI SEA,0.52
52,4016,import port, MUMBAI AIR,0.41
53,4016,import port, DELHI AIR,0.34
54,4016,import port, CHENNAI AIR,0.19
55,4016,import port, BANGALORE AIRPORT,0.19
56,4016,import port, CFS PATPARGANJ,0.10
57,4016,import port, DELHI (ICD),0.09
58,4016,import port, ICD GARHIHARSARU,0.08
59,4016,import port, ICD BANGALORE,0.07
60,8544,country, CHINA P RP,1.82
61,8544,country, KOREA RP,1.20
62,8544,country, GERMANY,0.45
63,8544,country, U S A,0.37
64,8544,country, MALAYSIA,0.22
65,8544,country, THAILAND,0.17
66,8544,country, JAPAN,0.16
67,8544,country, SRI LANKA DSR,0.15
68,8544,country, SINGAPORE,0.13
69,8544,country, U K,0.11
70,8544,import port, NHAVA SHEVA SEA,1.17
71,8544,import port, CHENNAI SEA,0.72
72,8544,import port, KOLKATA SEA,0.62
73,8544,import port, DELHI AIR,0.40
74,8544,import port, MUMBAI AIR,0.39
75,8544,import port, BANGALORE AIRPORT,0.39
76,8544,import port, ICD BANGALORE,0.27
77,8544,import port, DELHI (ICD),0.17
78,8544,import port, SIPCT ELE HW HITE SEZ ORAGADAM,0.16
79,8544,import port, CHENNAI AIR,0.14
80,8504,country, CHINA P RP,3.21
81,8504,country, GERMANY,1.11
82,8504,country, U S A,0.41
83,8504,country, JAPAN,0.39
84,8504,country, THAILAND,0.27
85,8504,country, SINGAPORE,0.26
86,8504,country, FINLAND,0.25
87,8504,country, U K,0.25
88,8504,country, KOREA RP,0.25
89,8504,country, ITALY,0.18
90,8504,import port, NHAVA SHEVA SEA,1.64
91,8504,import port, CHENNAI SEA,1.06
92,8504,import port, MUMBAI AIR,1.01
93,8504,import port, BANGALORE AIRPORT,0.92
94,8504,import port, DELHI AIR,0.81
95,8504,import port, CHENNAI AIR,0.36
96,8504,import port, ICD BANGALORE,0.35
97,8504,import port, DELHI (ICD),0.23
98,8504,import port, MUMBAI SEA,0.19
99,8504,import port, KOLKATA SEA,0.14
100,8482,country, CHINA P RP,2.18
101,8482,country, GERMANY,0.95
102,8482,country, JAPAN,0.59
103,8482,country, U S A,0.30
104,8482,country, ITALY,0.18
105,8482,country, FRANCE,0.16
106,8482,country, KOREA RP,0.15
107,8482,country, SWEDEN,0.12
108,8482,country, TAIWAN,0.08
109,8482,country, THAILAND,0.08
110,8482,import port, NHAVA SHEVA SEA,1.98
111,8482,import port, CHENNAI SEA,1.21
112,8482,import port, CFS PATPARGANJ,0.45
113,8482,import port, MUMBAI AIR,0.43
114,8482,import port, KOLKATA SEA,0.29
115,8482,import port, DELHI (ICD),0.22
116,8482,import port, BANGALORE AIRPORT,0.15
117,8482,import port, CHENNAI AIR,0.11
118,8482,import port, MAHINDRA CITY AUTO ANCI SEZ TN,0.09
119,8482,import port, DELHI AIR,0.09
120,8471,country, CHINA P RP,18.07
121,8471,country, SINGAPORE,4.08
122,8471,country, U S A,1.53
123,8471,country, THAILAND,1.46
124,8471,country, MALAYSIA,0.86
125,8471,country, IRELAND,0.61
126,8471,country, HONG KONG,0.43
127,8471,country, VIETNAM SOC REP,0.40
128,8471,country, MEXICO,0.38
129,8471,country, TAIWAN,0.34
130,8471,import port, MUMBAI AIR,5.67
131,8471,import port, BANGALORE AIRPORT,5.20
132,8471,import port, CHENNAI SEA,4.99
133,8471,import port, DELHI AIR,3.76
134,8471,import port, CHENNAI AIR,3.32
135,8471,import port, NHAVA SHEVA SEA,2.18
136,8471,import port, KOLKATA AIR,0.96
137,8471,import port, HYDERABAD AIRPORT,0.58
138,8471,import port, SIPCT HITECHCITY SRIPERUMBUDUR,0.54
139,8471,import port, CESSANA BUSINESS PARK COCHIN,0.30
140,3926,country, CHINA P RP,1.64
141,3926,country, U S A,0.43
142,3926,country, KOREA RP,0.43
143,3926,country, NEPAL,0.35
144,3926,country, GERMANY,0.35
145,3926,country, JAPAN,0.23
146,3926,country, HONG KONG,0.16
147,3926,country, ITALY,0.14
148,3926,country, THAILAND,0.14
149,3926,country, TAIWAN,0.11
150,3926,import port, CHENNAI SEA,0.78
151,3926,import port, NHAVA SHEVA SEA,0.75
152,3926,import port, DELHI AIR,0.52
153,3926,import port, DELHI (ICD),0.44
154,3926,import port, MUMBAI AIR,0.32
155,3926,import port, BANGALORE AIRPORT,0.31
156,3926,import port, MUMBAI SEA,0.17
157,3926,import port, CHENNAI AIR,0.15
158,3926,import port, JOGBANI,0.15
159,3926,import port, RAXAUL LAND,0.13
160,8483,country, CHINA P RP,1.42
161,8483,country, GERMANY,1.12
162,8483,country, U S A,0.55
163,8483,country, JAPAN,0.53
164,8483,country, ITALY,0.47
165,8483,country, KOREA RP,0.46
166,8483,country, U K,0.16
167,8483,country, FRANCE,0.13
168,8483,country, TAIWAN,0.11
169,8483,country, THAILAND,0.09
170,8483,import port, NHAVA SHEVA SEA,1.76
171,8483,import port, CHENNAI SEA,1.22
172,8483,import port, MUMBAI AIR,0.51
173,8483,import port, KOLKATA SEA,0.36
174,8483,import port, BANGALORE AIRPORT,0.20
175,8483,import port, CHENNAI AIR,0.19
176,8483,import port, DELHI AIR,0.19
177,8483,import port, ICD GARHIHARSARU,0.16
178,8483,import port, CFS PATPARGANJ,0.16
179,8483,import port, ICD Irungattukottai,0.12
180,8708,country, GERMANY,3.89
181,8708,country, KOREA RP,3.79
182,8708,country, CHINA P RP,3.67
183,8708,country, JAPAN,3.13
184,8708,country, THAILAND,2.01
185,8708,country, U S A,0.96
186,8708,country, ITALY,0.86
187,8708,country, ROMANIA,0.50
188,8708,country, CZECH REPUBLIC,0.45
189,8708,country, FRANCE,0.43
190,8708,import port, CHENNAI SEA,8.82
191,8708,import port, NHAVA SHEVA SEA,6.08
192,8708,import port, ICD GARHIHARSARU,1.51
193,8708,import port, ICD Irungattukottai,1.04
194,8708,import port, KATTUPALLI PORT/ TIRUVALLUR,0.88
195,8708,import port, DELHI AIR,0.58
196,8708,import port, DELHI (ICD),0.50
197,8708,import port, MUMBAI AIR,0.45
198,8708,import port, CHENNAI AIR,0.38
199,8708,import port, CGML DADRI,0.34
200,8517,country, CHINA P RP,55.87
201,8517,country, KOREA RP,7.84
202,8517,country, VIETNAM SOC REP,6.23
203,8517,country, U S A,3.31
204,8517,country, HONG KONG,2.11
205,8517,country, TAIWAN,1.73
206,8517,country, MALAYSIA,1.65
207,8517,country, SINGAPORE,1.40
208,8517,country, SWEDEN,1.30
209,8517,country, MEXICO,1.23
210,8517,import port, DELHI AIR,33.76
211,8517,import port, MUMBAI AIR,12.80
212,8517,import port, BANGALORE AIRPORT,12.34
213,8517,import port, NHAVA SHEVA SEA,7.14
214,8517,import port, CHENNAI AIR,5.93
215,8517,import port, KOLKATA AIR,2.82
216,8517,import port, CESSANA BUSINESS PARK COCHIN,2.54
217,8517,import port, SIPCT ELE HW HITE SEZ ORAGADAM,2.18
218,8517,import port, HYDERABAD AIRPORT,1.07
219,8517,import port, CHENNAI SEA,1.02
220,8414,country, CHINA P RP,3.37
221,8414,country, GERMANY,1.29
222,8414,country, JAPAN,1.05
223,8414,country, U S A,0.80
224,8414,country, THAILAND,0.68
225,8414,country, KOREA RP,0.50
226,8414,country, BELGIUM,0.27
227,8414,country, ITALY,0.20
228,8414,country, SWITZERLAND,0.19
229,8414,country, U K,0.19
230,8414,import port, NHAVA SHEVA SEA,2.39
231,8414,import port, CHENNAI SEA,1.16
232,8414,import port, SIKKA,0.96
233,8414,import port, MUMBAI AIR,0.69
234,8414,import port, ICD GARHIHARSARU,0.43
235,8414,import port, ICD PATLI,0.31
236,8414,import port, MUNDRA,0.27
237,8414,import port, CFS ALBATROSS/ICD DADRI,0.25
238,8414,import port, SEZ Jamnagar (Reliance),0.25
239,8414,import port, ICD Irungattukottai,0.20
240,8481,country, GERMANY,1.29
241,8481,country, CHINA P RP,1.12
242,8481,country, U S A,1.10
243,8481,country, ITALY,0.61
244,8481,country, JAPAN,0.55
245,8481,country, KOREA RP,0.31
246,8481,country, U K,0.29
247,8481,country, FRANCE,0.24
248,8481,country, THAILAND,0.12
249,8481,country, SINGAPORE,0.11
250,8481,import port, NHAVA SHEVA SEA,1.55
251,8481,import port, MUMBAI AIR,1.06
252,8481,import port, CHENNAI SEA,0.87
253,8481,import port, DELHI AIR,0.48
254,8481,import port, BANGALORE AIRPORT,0.44
255,8481,import port, CHENNAI AIR,0.44
256,8481,import port, KOLKATA SEA,0.24
257,8481,import port, CFS PATPARGANJ,0.24
258,8481,import port, ICD GARHIHARSARU,0.21
259,8481,import port, DELHI (ICD),0.15
260,8413,country, GERMANY,0.96
261,8413,country, CHINA P RP,0.77
262,8413,country, U S A,0.77
263,8413,country, JAPAN,0.43
264,8413,country, ITALY,0.40
265,8413,country, KOREA RP,0.23
266,8413,country, FRANCE,0.19
267,8413,country, U K,0.19
268,8413,country, THAILAND,0.12
269,8413,country, ROMANIA,0.12
270,8413,import port, NHAVA SHEVA SEA,1.17
271,8413,import port, CHENNAI SEA,1.14
272,8413,import port, MUMBAI AIR,0.53
273,8413,import port, KOLKATA SEA,0.33
274,8413,import port, BANGALORE AIRPORT,0.29
275,8413,import port, DELHI AIR,0.27
276,8413,import port, CHENNAI AIR,0.24
277,8413,import port, MUNDRA,0.13
278,8413,import port, MUMBAI SEA,0.12
279,8413,import port, CFS PATPARGANJ,0.09
280,8421,country, GERMANY,1.02
281,8421,country, U S A,0.94
282,8421,country, CHINA P RP,0.74
283,8421,country, KOREA RP,0.48
284,8421,country, U K,0.35
285,8421,country, JAPAN,0.21
286,8421,country, SOUTH AFRICA,0.18
287,8421,country, THAILAND,0.16
288,8421,country, ITALY,0.16
289,8421,country, FRANCE,0.13
290,8421,import port, NHAVA SHEVA SEA,1.07
291,8421,import port, CHENNAI SEA,0.77
292,8421,import port, SEZ Jamnagar (Reliance),0.62
293,8421,import port, MUMBAI AIR,0.53
294,8421,import port, MUNDRA,0.27
295,8421,import port, CHENNAI AIR,0.26
296,8421,import port, DELHI AIR,0.22
297,8421,import port, DELHI (ICD),0.19
298,8421,import port, BANGALORE AIRPORT,0.19
299,8421,import port, SIKKA,0.16
300,9018,country, U S A,2.24
301,9018,country, GERMANY,1.54
302,9018,country, CHINA P RP,1.11
303,9018,country, JAPAN,0.59
304,9018,country, SINGAPORE,0.31
305,9018,country, KOREA RP,0.29
306,9018,country, IRELAND,0.28
307,9018,country, FRANCE,0.22
308,9018,country, SWITZERLAND,0.21
309,9018,country, MEXICO,0.19
310,9018,import port, DELHI AIR,2.12
311,9018,import port, MUMBAI AIR,1.81
312,9018,import port, CHENNAI AIR,1.36
313,9018,import port, BANGALORE AIRPORT,0.75
314,9018,import port, CHENNAI SEA,0.68
315,9018,import port, NHAVA SHEVA SEA,0.45
316,9018,import port, KOLKATA AIR,0.20
317,9018,import port, DELHI (ICD),0.14
318,9018,import port, HYDERABAD AIRPORT,0.14
319,9018,import port, COCHIN AIRPORT,0.12
320,8501,country, CHINA P RP,1.49
321,8501,country, GERMANY,0.54
322,8501,country, KOREA RP,0.48
323,8501,country, U S A,0.33
324,8501,country, JAPAN,0.22
325,8501,country, ITALY,0.18
326,8501,country, U K,0.11
327,8501,country, VIETNAM SOC REP,0.11
328,8501,country, INDONESIA,0.08
329,8501,country, SWITZERLAND,0.07
330,8501,import port, NHAVA SHEVA SEA,0.94
331,8501,import port, CHENNAI SEA,0.91
332,8501,import port, MUMBAI AIR,0.36
333,8501,import port, KOLKATA SEA,0.27
334,8501,import port, DELHI AIR,0.22
335,8501,import port, BANGALORE AIRPORT,0.14
336,8501,import port, PIPAVAB(VICYOR),0.13
337,8501,import port, DELHI (ICD),0.12
338,8501,import port, CHENNAI AIR,0.12
339,8501,import port, CFS ALBATROSS/ICD DADRI,0.12
340,8541,country, CHINA P RP,5.58
341,8541,country, MALAYSIA,1.06
342,8541,country, JAPAN,0.49
343,8541,country, SINGAPORE,0.46
344,8541,country, TAIWAN,0.34
345,8541,country, HONG KONG,0.24
346,8541,country, U S A,0.24
347,8541,country, ITALY,0.21
348,8541,country, KOREA RP,0.16
349,8541,country, GERMANY,0.12
350,8541,import port, NHAVA SHEVA SEA,1.80
351,8541,import port, DELHI AIR,1.03
352,8541,import port, BANGALORE AIRPORT,0.94
353,8541,import port, CHENNAI SEA,0.82
354,8541,import port, MUNDRA,0.63
355,8541,import port, MUMBAI AIR,0.49
356,8541,import port, ICD LUDHIANA,0.45
357,8541,import port, ICD JODHPUR,0.45
358,8541,import port, SIPCT ELE HW HITE SEZ ORAGADAM,0.33
359,8541,import port, HYDERABAD AIRPORT,0.23
360,3923,country, CHINA P RP,0.40
361,3923,country, U S A,0.26
362,3923,country, U K,0.10
363,3923,country, ITALY,0.10
364,3923,country, NEPAL,0.07
365,3923,country, KOREA RP,0.06
366,3923,country, GERMANY,0.06
367,3923,country, THAILAND,0.06
368,3923,country, JAPAN,0.05
369,3923,country, SRI LANKA DSR,0.04
370,3923,import port, NHAVA SHEVA SEA,0.47
371,3923,import port, CHENNAI SEA,0.18
372,3923,import port, MUMBAI AIR,0.14
373,3923,import port, ICD Irungattukottai,0.10
374,3923,import port, DELHI (ICD),0.06
375,3923,import port, DELHI AIR,0.05
376,3923,import port, NAUTANWA (SONAULI),0.04
377,3923,import port, Brandix IndiaApparel Pvt Ltd  ,0.04
378,3923,import port, BANGALORE AIRPORT,0.04
379,3923,import port, CFS PATPARGANJ,0.03
380,7326,country, CHINA P RP,0.89
381,7326,country, JAPAN,0.43
382,7326,country, GERMANY,0.35
383,7326,country, THAILAND,0.29
384,7326,country, U S A,0.26
385,7326,country, FRANCE,0.24
386,7326,country, KOREA RP,0.22
387,7326,country, ITALY,0.19
388,7326,country, SINGAPORE,0.14
389,7326,country, VIETNAM SOC REP,0.10
390,7326,import port, CHENNAI SEA,0.78
391,7326,import port, NHAVA SHEVA SEA,0.66
392,7326,import port, MUMBAI SEA,0.34
393,7326,import port, MUMBAI AIR,0.21
394,7326,import port, BANGALORE AIRPORT,0.20
395,7326,import port, DELHI AIR,0.17
396,7326,import port, KATTUPALLI PORT/ TIRUVALLUR,0.17
397,7326,import port, ICD Irungattukottai,0.16
398,7326,import port, ICD BANGALORE,0.16
399,7326,import port, KOLKATA SEA,0.15
400,9993,country, UNSPECIFIED,42.42
401,9993,country, SURINAME,0.93
402,9993,country, U S A,0.88
403,9993,country, SLOVAK REP,0.43
404,9993,country, HONG KONG,0.22
405,9993,country, U ARAB EMTS,0.18
406,9993,country, FRANCE,0.10
407,9993,country, U K,0.09
408,9993,country, GERMANY,0.07
409,9993,country, BELGIUM,0.04
410,9993,import port, DPCC MUMBAI,38.87
411,9993,import port, BANGALORE AIRPORT,1.84
412,9993,import port, DELHI AIR,0.89
413,9993,import port, NHAVA SHEVA SEA,0.70
414,9993,import port, JAIPUR A.C.,0.63
415,9993,import port, AC JAIPUR (GEMS AND JEWELLERY),0.56
416,9993,import port, CHENNAI SEA,0.36
417,9993,import port, SEEPZ,0.30
418,9993,import port, MUMBAI AIR,0.30
419,9993,import port, MAGDALLA PORT SEA,0.18
420,8443,country, CHINA P RP,2.99
421,8443,country, JAPAN,1.12
422,8443,country, GERMANY,0.45
423,8443,country, U S A,0.30
424,8443,country, ITALY,0.26
425,8443,country, INDONESIA,0.23
426,8443,country, MALAYSIA,0.22
427,8443,country, SINGAPORE,0.22
428,8443,country, PHILIPPINES,0.21
429,8443,country, VIETNAM SOC REP,0.17
430,8443,import port, NHAVA SHEVA SEA,3.59
431,8443,import port, CHENNAI SEA,1.06
432,8443,import port, MUMBAI AIR,0.44
433,8443,import port, DELHI AIR,0.44
434,8443,import port, DELHI (ICD),0.37
435,8443,import port, KOLKATA SEA,0.23
436,8443,import port, BANGALORE AIRPORT,0.17
437,8443,import port, MUNDRA,0.16
438,8443,import port, COCHIN SEA,0.15
439,8443,import port, CHENNAI AIR,0.09
440,3920,country, CHINA P RP,0.90
441,3920,country, THAILAND,0.39
442,3920,country, U S A,0.38
443,3920,country, KOREA RP,0.36
444,3920,country, GERMANY,0.27
445,3920,country, JAPAN,0.23
446,3920,country, TAIWAN,0.13
447,3920,country, MALAYSIA,0.12
448,3920,country, SINGAPORE,0.09
449,3920,country, ITALY,0.07
450,3920,import port, NHAVA SHEVA SEA,1.48
451,3920,import port, DELHI (ICD),0.42
452,3920,import port, CHENNAI SEA,0.38
453,3920,import port, ICD BANGALORE,0.26
454,3920,import port, MUMBAI AIR,0.08
455,3920,import port, KOLKATA SEA,0.07
456,3920,import port, CFS PATPARGANJ,0.07
457,3920,import port, DELHI AIR,0.06
458,3920,import port, ICD REWARI,0.05
459,3920,import port, ICD GARHIHARSARU,0.05
460,8431,country, CHINA P RP,1.50
461,8431,country, U S A,1.12
462,8431,country, KOREA RP,0.81
463,8431,country, GERMANY,0.43
464,8431,country, JAPAN,0.37
465,8431,country, ITALY,0.32
466,8431,country, SINGAPORE,0.28
467,8431,country, INDONESIA,0.20
468,8431,country, U K,0.19
469,8431,country, AUSTRIA,0.14
470,8431,import port, NHAVA SHEVA SEA,2.20
471,8431,import port, CHENNAI SEA,1.29
472,8431,import port, MUMBAI AIR,0.53
473,8431,import port, KOLKATA SEA,0.51
474,8431,import port, CHENNAI AIR,0.28
475,8431,import port, MUMBAI SEA,0.27
476,8431,import port, ICD BANGALORE,0.15
477,8431,import port, VISAKHAPATNAM SPL ECONOMIC ZON,0.13
478,8431,import port, ICD HYDERABAD,0.11
479,8431,import port, DELHI AIR,0.11
480,8533,country, CHINA P RP,0.26
481,8533,country, JAPAN,0.10
482,8533,country, SINGAPORE,0.07
483,8533,country, GERMANY,0.05
484,8533,country, U S A,0.05
485,8533,country, MALAYSIA,0.04
486,8533,country, TAIWAN,0.04
487,8533,country, KOREA RP,0.04
488,8533,country, THAILAND,0.04
489,8533,country, HONG KONG,0.02
490,8533,import port, DELHI AIR,0.18
491,8533,import port, NHAVA SHEVA SEA,0.11
492,8533,import port, BANGALORE AIRPORT,0.10
493,8533,import port, MUMBAI AIR,0.06
494,8533,import port, CFS PATPARGANJ,0.06
495,8533,import port, CHENNAI AIR,0.05
496,8533,import port, CHENNAI SEA,0.05
497,8533,import port, DELHI (ICD),0.02
498,8533,import port, CFS ALBATROSS/ICD DADRI,0.02
499,8533,import port, SEZ NOKIA Chennai,0.02
500,8207,country, KOREA RP,1.10
501,8207,country, CHINA P RP,0.62
502,8207,country, JAPAN,0.54
503,8207,country, GERMANY,0.42
504,8207,country, U S A,0.30
505,8207,country, TAIWAN,0.17
506,8207,country, SWEDEN,0.11
507,8207,country, ITALY,0.11
508,8207,country, THAILAND,0.07
509,8207,country, U K,0.05
510,8207,import port, CHENNAI SEA,1.09
511,8207,import port, NHAVA SHEVA SEA,0.64
512,8207,import port, MUMBAI AIR,0.48
513,8207,import port, DELHI AIR,0.30
514,8207,import port, BANGALORE AIRPORT,0.27
515,8207,import port, ICD GARHIHARSARU,0.16
516,8207,import port, CHENNAI AIR,0.16
517,8207,import port, MUNDRA,0.13
518,8207,import port, HYDERABAD AIRPORT,0.11
519,8207,import port," APIIC SEZ AEROSPACE, VIZAG",0.08
520,8523,country, CHINA P RP,2.55
521,8523,country, FINLAND,1.67
522,8523,country, U S A,0.86
523,8523,country, TAIWAN,0.77
524,8523,country, SINGAPORE,0.43
525,8523,country, ISRAEL,0.35
526,8523,country, HONG KONG,0.33
527,8523,country, GERMANY,0.28
528,8523,country, KOREA RP,0.25
529,8523,country, NETHERLAND,0.21
530,8523,import port, DELHI AIR,2.32
531,8523,import port, SIPCT ELE HW HITE SEZ ORAGADAM,1.49
532,8523,import port, MUMBAI AIR,1.44
533,8523,import port, CHENNAI AIR,0.77
534,8523,import port, BANGALORE AIRPORT,0.51
535,8523,import port, KOLKATA AIR,0.50
536,8523,import port, SIPCT HITECHCITY SRIPERUMBUDUR,0.40
537,8523,import port, MAHINDRA WORLD CITY IT ITES,0.22
538,8523,import port, SEZ NOKIA Chennai,0.18
539,8523,import port, SEZ Noida ,0.15
540,9403,country, CHINA P RP,1.82
541,9403,country, MALAYSIA,0.40
542,9403,country, ITALY,0.21
543,9403,country, GERMANY,0.14
544,9403,country, SRI LANKA DSR,0.08
545,9403,country, U S A,0.07
546,9403,country, HONG KONG,0.06
547,9403,country, SINGAPORE,0.05
548,9403,country, U ARAB EMTS,0.05
549,9403,country, INDONESIA,0.04
550,9403,import port, NHAVA SHEVA SEA,0.78
551,9403,import port, CHENNAI SEA,0.56
552,9403,import port, DELHI (ICD),0.48
553,9403,import port, ICD BANGALORE,0.25
554,9403,import port, COCHIN SEA,0.13
555,9403,import port, KOLKATA SEA,0.13
556,9403,import port, MUMBAI SEA,0.08
557,9403,import port, ICD HYDERABAD,0.07
558,9403,import port, ICD NAGPUR,0.06
559,9403,import port, DELHI AIR,0.04
560,8543,country, U S A,1.18
561,8543,country, CHINA P RP,0.75
562,8543,country, GERMANY,0.37
563,8543,country, ISRAEL,0.28
564,8543,country, U K,0.17
565,8543,country, JAPAN,0.17
566,8543,country, MALAYSIA,0.14
567,8543,country, SINGAPORE,0.13
568,8543,country, FRANCE,0.13
569,8543,country, SWITZERLAND,0.10
570,8543,import port, BANGALORE AIRPORT,0.83
571,8543,import port, HYDERABAD AIRPORT,0.67
572,8543,import port, MUMBAI AIR,0.55
573,8543,import port, DELHI AIR,0.53
574,8543,import port, NHAVA SHEVA SEA,0.41
575,8543,import port, AHMEDABAD AIR CARGO COMPLEX,0.17
576,8543,import port, CHENNAI AIR,0.15
577,8543,import port, CHENNAI SEA,0.13
578,8543,import port, DELHI (ICD),0.10
579,8543,import port, ICD BANGALORE,0.08
580,9027,country, U S A,1.30
581,9027,country, GERMANY,0.83
582,9027,country, JAPAN,0.73
583,9027,country, SINGAPORE,0.73
584,9027,country, CHINA P RP,0.37
585,9027,country, U K,0.32
586,9027,country, FRANCE,0.28
587,9027,country, SWITZERLAND,0.28
588,9027,country, AUSTRIA,0.18
589,9027,country, IRELAND,0.14
590,9027,import port, MUMBAI AIR,1.61
591,9027,import port, DELHI AIR,1.15
592,9027,import port, BANGALORE AIRPORT,0.70
593,9027,import port, CHENNAI AIR,0.64
594,9027,import port, HYDERABAD AIRPORT,0.54
595,9027,import port, KOLKATA AIR,0.21
596,9027,import port, CHENNAI SEA,0.20
597,9027,import port, AHMEDABAD AIR CARGO COMPLEX,0.17
598,9027,import port, NHAVA SHEVA SEA,0.16
599,9027,import port, J MATADEE CHENNAI,0.07
600,8302,country, CHINA P RP,0.99
601,8302,country, GERMANY,0.29
602,8302,country, KOREA RP,0.10
603,8302,country, TAIWAN,0.05
604,8302,country, ITALY,0.04
605,8302,country, AUSTRIA,0.04
606,8302,country, THAILAND,0.04
607,8302,country, JAPAN,0.04
608,8302,country, U S A,0.04
609,8302,country, U K,0.03
610,8302,import port, NHAVA SHEVA SEA,0.66
611,8302,import port, CHENNAI SEA,0.38
612,8302,import port, DELHI (ICD),0.21
613,8302,import port, CFS PATPARGANJ,0.07
614,8302,import port, MUMBAI SEA,0.07
615,8302,import port, ICD Irungattukottai,0.06
616,8302,import port, MUMBAI AIR,0.05
617,8302,import port, ICD BANGALORE,0.04
618,8302,import port, DELHI AIR,0.03
619,8302,import port, CFS STARTRACK DADRI,0.03
620,3917,country, CHINA P RP,0.25
621,3917,country, GERMANY,0.11
622,3917,country, U S A,0.07
623,3917,country, JAPAN,0.05
624,3917,country, KOREA RP,0.05
625,3917,country, U K,0.04
626,3917,country, ITALY,0.04
627,3917,country, FRANCE,0.03
628,3917,country, SWITZERLAND,0.02
629,3917,country, TAIWAN,0.02
630,3917,import port, NHAVA SHEVA SEA,0.21
631,3917,import port, CHENNAI SEA,0.10
632,3917,import port, MUMBAI AIR,0.08
633,3917,import port, DELHI (ICD),0.08
634,3917,import port, MUMBAI SEA,0.07
635,3917,import port, DELHI AIR,0.06
636,3917,import port, CFS PATPARGANJ,0.04
637,3917,import port, BANGALORE AIRPORT,0.03
638,3917,import port, CHENNAI AIR,0.03
639,3917,import port, HYDERABAD AIRPORT,0.02
640,8479,country, CHINA P RP,1.52
641,8479,country, GERMANY,1.37
642,8479,country, JAPAN,0.92
643,8479,country, KOREA RP,0.72
644,8479,country, U S A,0.67
645,8479,country, ITALY,0.45
646,8479,country, U K,0.25
647,8479,country, FRANCE,0.22
648,8479,country, TAIWAN,0.18
649,8479,country, SINGAPORE,0.17
650,8479,import port, NHAVA SHEVA SEA,2.29
651,8479,import port, CHENNAI SEA,1.40
652,8479,import port, MUMBAI AIR,0.72
653,8479,import port, DELHI (ICD),0.35
654,8479,import port, KOLKATA SEA,0.32
655,8479,import port, DELHI AIR,0.32
656,8479,import port, BANGALORE AIRPORT,0.27
657,8479,import port, MUMBAI SEA,0.24
658,8479,import port, MUNDRA,0.21
659,8479,import port, CHENNAI AIR,0.18
660,8409,country, JAPAN,0.82
661,8409,country, U S A,0.63
662,8409,country, GERMANY,0.62
663,8409,country, KOREA RP,0.54
664,8409,country, CHINA P RP,0.51
665,8409,country, THAILAND,0.47
666,8409,country, ITALY,0.29
667,8409,country, U K,0.17
668,8409,country, FRANCE,0.13
669,8409,country, ROMANIA,0.11
670,8409,import port, CHENNAI SEA,1.42
671,8409,import port, NHAVA SHEVA SEA,0.97
672,8409,import port, MUMBAI AIR,0.45
673,8409,import port, ICD GARHIHARSARU,0.37
674,8409,import port, ICD Irungattukottai,0.28
675,8409,import port, KOLKATA SEA,0.25
676,8409,import port, DELHI AIR,0.18
677,8409,import port, CHENNAI AIR,0.14
678,8409,import port, CGML DADRI,0.13
679,8409,import port, BANGALORE AIRPORT,0.12
680,8466,country, KOREA RP,0.60
681,8466,country, JAPAN,0.52
682,8466,country, GERMANY,0.39
683,8466,country, CHINA P RP,0.26
684,8466,country, U S A,0.16
685,8466,country, ITALY,0.16
686,8466,country, TAIWAN,0.13
687,8466,country, FRANCE,0.05
688,8466,country, SWITZERLAND,0.05
689,8466,country, U K,0.04
690,8466,import port, CHENNAI SEA,0.62
691,8466,import port, NHAVA SHEVA SEA,0.56
692,8466,import port, MUMBAI AIR,0.29
693,8466,import port, BANGALORE AIRPORT,0.23
694,8466,import port, DELHI AIR,0.22
695,8466,import port, CHENNAI AIR,0.18
696,8466,import port, ICD BANGALORE,0.07
697,8466,import port, DELHI (ICD),0.06
698,8466,import port, KOLKATA SEA,0.04
699,8466,import port, MUNDRA,0.04
700,9031,country, GERMANY,1.03
701,9031,country, U S A,0.92
702,9031,country, JAPAN,0.61
703,9031,country, CHINA P RP,0.41
704,9031,country, KOREA RP,0.38
705,9031,country, U K,0.32
706,9031,country, ITALY,0.25
707,9031,country, SWITZERLAND,0.17
708,9031,country, ISRAEL,0.12
709,9031,country, FRANCE,0.12
710,9031,import port, MUMBAI AIR,1.06
711,9031,import port, BANGALORE AIRPORT,0.77
712,9031,import port, CHENNAI SEA,0.61
713,9031,import port, DELHI AIR,0.60
714,9031,import port, NHAVA SHEVA SEA,0.52
715,9031,import port, CHENNAI AIR,0.32
716,9031,import port, KOLKATA AIR,0.11
717,9031,import port, Ramki Pharma City (India) Pvt ,0.11
718,9031,import port, ICD GARHIHARSARU,0.11
719,9031,import port, HYDERABAD AIRPORT,0.10
720,9032,country, CHINA P RP,0.66
721,9032,country, GERMANY,0.57
722,9032,country, KOREA RP,0.46
723,9032,country, U S A,0.43
724,9032,country, SINGAPORE,0.32
725,9032,country, JAPAN,0.28
726,9032,country, THAILAND,0.21
727,9032,country, U K,0.15
728,9032,country, FRANCE,0.10
729,9032,country, MEXICO,0.10
730,9032,import port, MUMBAI AIR,0.97
731,9032,import port, CHENNAI SEA,0.85
732,9032,import port, BANGALORE AIRPORT,0.52
733,9032,import port, NHAVA SHEVA SEA,0.46
734,9032,import port, CHENNAI AIR,0.31
735,9032,import port, DELHI AIR,0.30
736,9032,import port, ICD Irungattukottai,0.07
737,9032,import port, ICD GARHIHARSARU,0.05
738,9032,import port, CFS PATPARGANJ,0.04
739,9032,import port, KOLKATA SEA,0.03
740,7307,country, CHINA P RP,0.50
741,7307,country, KOREA RP,0.36
742,7307,country, U S A,0.20
743,7307,country, ITALY,0.19
744,7307,country, GERMANY,0.12
745,7307,country, JAPAN,0.06
746,7307,country, U K,0.05
747,7307,country, THAILAND,0.04
748,7307,country, FRANCE,0.03
749,7307,country, SINGAPORE,0.02
750,7307,import port, NHAVA SHEVA SEA,0.62
751,7307,import port, CHENNAI SEA,0.24
752,7307,import port, MUMBAI AIR,0.19
753,7307,import port, MUNDRA,0.14
754,7307,import port, DELHI AIR,0.08
755,7307,import port, SEZ Jamnagar (Reliance),0.07
756,7307,import port, KOLKATA SEA,0.06
757,7307,import port, BANGALORE AIRPORT,0.04
758,7307,import port, DELHI (ICD),0.04
759,7307,import port, MANGALORE SEZ,0.03
760,3907,country, CHINA P RP,1.49
761,3907,country, THAILAND,1.15
762,3907,country, SINGAPORE,0.94
763,3907,country, KOREA RP,0.89
764,3907,country, TAIWAN,0.63
765,3907,country, NETHERLAND,0.57
766,3907,country, U S A,0.50
767,3907,country, SPAIN,0.39
768,3907,country, SAUDI ARAB,0.27
769,3907,country, GERMANY,0.25
770,3907,import port, NHAVA SHEVA SEA,3.27
771,3907,import port, CHENNAI SEA,1.04
772,3907,import port, DELHI (ICD),0.91
773,3907,import port, CFS ALBATROSS/ICD DADRI,0.42
774,3907,import port, KANDLA SEA,0.41
775,3907,import port, ICD VADODARA/BARODA,0.22
776,3907,import port, CFS STARTRACK DADRI,0.20
777,3907,import port, ICD GARHIHARSARU,0.19
778,3907,import port, KOLKATA SEA,0.17
779,3907,import port, PIPAVAB(VICYOR),0.13
780,9405,country, CHINA P RP,1.96
781,9405,country, GERMANY,0.08
782,9405,country, KOREA RP,0.08
783,9405,country, ITALY,0.06
784,9405,country, HONG KONG,0.05
785,9405,country, U S A,0.03
786,9405,country, U K,0.02
787,9405,country, SPAIN,0.02
788,9405,country, FRANCE,0.02
789,9405,country, TAIWAN,0.01
790,9405,import port, NHAVA SHEVA SEA,0.67
791,9405,import port, CHENNAI SEA,0.40
792,9405,import port, DELHI (ICD),0.27
793,9405,import port, MUMBAI AIR,0.26
794,9405,import port, DELHI AIR,0.18
795,9405,import port, ICD FARIDABAD,0.12
796,9405,import port, MUMBAI SEA,0.11
797,9405,import port, KOLKATA SEA,0.08
798,9405,import port, CFS PATPARGANJ,0.05
799,9405,import port, BANGALORE AIRPORT,0.04
800,8419,country, CHINA P RP,1.28
801,8419,country, GERMANY,0.98
802,8419,country, KOREA RP,0.85
803,8419,country, U S A,0.65
804,8419,country, ITALY,0.25
805,8419,country, FRANCE,0.23
806,8419,country, OMAN,0.22
807,8419,country, JAPAN,0.12
808,8419,country, SWITZERLAND,0.12
809,8419,country, BELGIUM,0.09
810,8419,import port, SIKKA,1.26
811,8419,import port, NHAVA SHEVA SEA,0.82
812,8419,import port, SEZ Jamnagar (Reliance),0.67
813,8419,import port, MUMBAI SEA,0.46
814,8419,import port, CHENNAI SEA,0.43
815,8419,import port, MUMBAI AIR,0.23
816,8419,import port, KOLKATA SEA,0.21
817,8419,import port, MUNDRA,0.20
818,8419,import port, DELHI AIR,0.16
819,8419,import port, BANGALORE AIRPORT,0.12
820,8473,country, CHINA P RP,4.29
821,8473,country, MALAYSIA,1.88
822,8473,country, COSTA RICA,0.53
823,8473,country, SINGAPORE,0.42
824,8473,country, TAIWAN,0.36
825,8473,country, VIETNAM SOC REP,0.34
826,8473,country, U S A,0.31
827,8473,country, KOREA RP,0.17
828,8473,country, HONG KONG,0.12
829,8473,country, GERMANY,0.08
830,8473,import port, SIPCT HITECHCITY SRIPERUMBUDUR,2.38
831,8473,import port, CHENNAI AIR,1.38
832,8473,import port, DELHI AIR,1.34
833,8473,import port, BANGALORE AIRPORT,0.95
834,8473,import port, MUMBAI AIR,0.86
835,8473,import port, CHENNAI SEA,0.58
836,8473,import port, NHAVA SHEVA SEA,0.50
837,8473,import port, J MATADEE CHENNAI,0.22
838,8473,import port, CFS ALBATROSS/ICD DADRI,0.14
839,8473,import port, HYDERABAD AIRPORT,0.08
840,8518,country, CHINA P RP,1.61
841,8518,country, VIETNAM SOC REP,0.16
842,8518,country, THAILAND,0.11
843,8518,country, HONG KONG,0.09
844,8518,country, MEXICO,0.09
845,8518,country, U S A,0.08
846,8518,country, GERMANY,0.05
847,8518,country, MALAYSIA,0.04
848,8518,country, SINGAPORE,0.03
849,8518,country, INDONESIA,0.03
850,8518,import port, DELHI AIR,0.73
851,8518,import port, NHAVA SHEVA SEA,0.65
852,8518,import port, CHENNAI SEA,0.26
853,8518,import port, DELHI (ICD),0.17
854,8518,import port, MUMBAI AIR,0.09
855,8518,import port, CHENNAI AIR,0.08
856,8518,import port, BANGALORE AIRPORT,0.07
857,8518,import port, MUMBAI SEA,0.06
858,8518,import port, ICD GARHIHARSARU,0.05
859,8518,import port, CFS PATPARGANJ,0.04
860,8532,country, CHINA P RP,0.71
861,8532,country, SINGAPORE,0.22
862,8532,country, JAPAN,0.18
863,8532,country, KOREA RP,0.10
864,8532,country, U S A,0.10
865,8532,country, HONG KONG,0.07
866,8532,country, GERMANY,0.04
867,8532,country, FRANCE,0.04
868,8532,country, MALAYSIA,0.04
869,8532,country, TAIWAN,0.04
870,8532,import port, DELHI AIR,0.35
871,8532,import port, NHAVA SHEVA SEA,0.24
872,8532,import port, BANGALORE AIRPORT,0.23
873,8532,import port, CFS PATPARGANJ,0.12
874,8532,import port, MUMBAI AIR,0.09
875,8532,import port, CHENNAI SEA,0.08
876,8532,import port, SIPCT ELE HW HITE SEZ ORAGADAM,0.08
877,8532,import port, ICD BANGALORE,0.07
878,8532,import port, CHENNAI AIR,0.05
879,8532,import port, SEZ NOKIA Chennai,0.05
880,4202,country, CHINA P RP,1.39
881,4202,country, ITALY,0.08
882,4202,country, FRANCE,0.07
883,4202,country, BANGLADESH PR,0.03
884,4202,country, HONG KONG,0.02
885,4202,country, VIETNAM SOC REP,0.01
886,4202,country, SWITZERLAND,0.01
887,4202,country, U K,0.01
888,4202,country, SINGAPORE,0.01
889,4202,country, INDONESIA,0.01
890,4202,import port, NHAVA SHEVA SEA,0.81
891,4202,import port, DELHI AIR,0.22
892,4202,import port, CHENNAI SEA,0.18
893,4202,import port, DELHI (ICD),0.11
894,4202,import port, MUMBAI SEA,0.05
895,4202,import port, BANGALORE AIRPORT,0.05
896,4202,import port, MUMBAI AIR,0.05
897,4202,import port, KOLKATA SEA,0.05
898,4202,import port, ICD BANGALORE,0.03
899,4202,import port, SIPCT HITECHCITY SRIPERUMBUDUR,0.03
900,8539,country, CHINA P RP,0.70
901,8539,country, GERMANY,0.15
902,8539,country, KOREA RP,0.06
903,8539,country, U S A,0.05
904,8539,country, JAPAN,0.04
905,8539,country, POLAND,0.03
906,8539,country, FRANCE,0.02
907,8539,country, U K,0.02
908,8539,country, BELGIUM,0.01
909,8539,country, PHILIPPINES,0.01
910,8539,import port, DELHI AIR,0.22
911,8539,import port, NHAVA SHEVA SEA,0.22
912,8539,import port, DELHI (ICD),0.18
913,8539,import port, MUMBAI AIR,0.11
914,8539,import port, CHENNAI SEA,0.07
915,8539,import port, CHENNAI EPZ,0.05
916,8539,import port, ICD GARHIHARSARU,0.05
917,8539,import port, BANGALORE AIRPORT,0.04
918,8539,import port, CHENNAI AIR,0.03
919,8539,import port, CFS PATPARGANJ,0.03
920,3901,country, SAUDI ARAB,4.75
921,3901,country, QATAR,2.21
922,3901,country, SINGAPORE,2.20
923,3901,country, KOREA RP,1.72
924,3901,country, U ARAB EMTS,1.60
925,3901,country, THAILAND,1.29
926,3901,country, MALAYSIA,0.59
927,3901,country, U S A,0.54
928,3901,country, GERMANY,0.42
929,3901,country, KUWAIT,0.42
930,3901,import port, NHAVA SHEVA SEA,8.16
931,3901,import port, DELHI (ICD),2.16
932,3901,import port, CHENNAI SEA,1.44
933,3901,import port, KOLKATA SEA,0.83
934,3901,import port, ICD SABARMATI,0.71
935,3901,import port, TUTICORIN SEA,0.64
936,3901,import port, MUNDRA,0.55
937,3901,import port, ICD GARHIHARSARU,0.32
938,3901,import port, COCHIN SEA,0.29
939,3901,import port," HAZIRA PORT, SURAT",0.18
940,3204,country, CHINA P RP,1.07
941,3204,country, GERMANY,0.19
942,3204,country, SINGAPORE,0.13
943,3204,country, THAILAND,0.12
944,3204,country, SWITZERLAND,0.09
945,3204,country, INDONESIA,0.06
946,3204,country, KOREA RP,0.06
947,3204,country, U S A,0.06
948,3204,country, ITALY,0.04
949,3204,country, U K,0.03
950,3204,import port, NHAVA SHEVA SEA,1.32
951,3204,import port, ICD SABARMATI,0.16
952,3204,import port, CHENNAI SEA,0.10
953,3204,import port, MUMBAI AIR,0.08
954,3204,import port, DELHI (ICD),0.05
955,3204,import port, DELHI AIR,0.05
956,3204,import port, ICD THAR DRY PORT,0.04
957,3204,import port, ICD LUDHIANA,0.03
958,3204,import port, SEZ Dahej,0.02
959,3204,import port, CFS PATPARGANJ,0.02
960,8528,country, CHINA P RP,5.48
961,8528,country, MALAYSIA,2.80
962,8528,country, THAILAND,0.61
963,8528,country, VIETNAM SOC REP,0.37
964,8528,country, INDONESIA,0.26
965,8528,country, KOREA RP,0.23
966,8528,country, SINGAPORE,0.14
967,8528,country, HONG KONG,0.12
968,8528,country, U S A,0.08
969,8528,country, PHILIPPINES,0.07
970,8528,import port, CHENNAI SEA,3.53
971,8528,import port, NHAVA SHEVA SEA,2.16
972,8528,import port, SIPCT HITECHCITY SRIPERUMBUDUR,0.74
973,8528,import port, DELHI (ICD),0.70
974,8528,import port, KOLKATA SEA,0.69
975,8528,import port, CGML DADRI,0.65
976,8528,import port, DELHI AIR,0.32
977,8528,import port, ICD SABARMATI,0.24
978,8528,import port, MUMBAI AIR,0.23
979,8528,import port, CHENNAI AIR,0.22
980,4009,country, JAPAN,0.15
981,4009,country, THAILAND,0.10
982,4009,country, GERMANY,0.10
983,4009,country, KOREA RP,0.08
984,4009,country, CHINA P RP,0.08
985,4009,country, U S A,0.07
986,4009,country, U K,0.03
987,4009,country, TURKEY,0.03
988,4009,country, ITALY,0.02
989,4009,country, MALAYSIA,0.02
990,4009,import port, CHENNAI SEA,0.23
991,4009,import port, NHAVA SHEVA SEA,0.17
992,4009,import port, ICD GARHIHARSARU,0.06
993,4009,import port, KOLKATA SEA,0.06
994,4009,import port, MUMBAI AIR,0.04
995,4009,import port, CFS PATPARGANJ,0.04
996,4009,import port, KATTUPALLI PORT/ TIRUVALLUR,0.03
997,4009,import port, DELHI AIR,0.02
998,4009,import port, DELHI (ICD),0.02
999,4009,import port, CHENNAI AIR,0.02
1000,3402,country, GERMANY,0.35
1001,3402,country, U S A,0.24
1002,3402,country, MALAYSIA,0.19
1003,3402,country, CHINA P RP,0.15
1004,3402,country, BELGIUM,0.11
1005,3402,country, SINGAPORE,0.08
1006,3402,country, INDONESIA,0.07
1007,3402,country, THAILAND,0.07
1008,3402,country, ITALY,0.04
1009,3402,country, U K,0.03
1010,3402,import port, NHAVA SHEVA SEA,0.86
1011,3402,import port, CHENNAI SEA,0.14
1012,3402,import port, KOLKATA SEA,0.12
1013,3402,import port, DELHI (ICD),0.11
1014,3402,import port, MUNDRA,0.10
1015,3402,import port, MUMBAI AIR,0.04
1016,3402,import port, ICD BANGALORE,0.02
1017,3402,import port, DELHI AIR,0.02
1018,3402,import port, CFS ALBATROSS/ICD DADRI,0.02
1019,3402,import port," ICD PANKI, UP",0.02
1020,8542,country, CHINA P RP,2.52
1021,8542,country, SINGAPORE,1.22
1022,8542,country, TAIWAN,0.92
1023,8542,country, KOREA RP,0.87
1024,8542,country, JAPAN,0.50
1025,8542,country, GERMANY,0.47
1026,8542,country, MALAYSIA,0.47
1027,8542,country, U S A,0.40
1028,8542,country, PHILIPPINES,0.27
1029,8542,country, FINLAND,0.25
1030,8542,import port, DELHI AIR,3.22
1031,8542,import port, BANGALORE AIRPORT,1.26
1032,8542,import port, MUMBAI AIR,0.99
1033,8542,import port, SIPCT ELE HW HITE SEZ ORAGADAM,0.88
1034,8542,import port, SEZ Noida ,0.58
1035,8542,import port, SIPCT HITECHCITY SRIPERUMBUDUR,0.39
1036,8542,import port, HYDERABAD AIRPORT,0.32
1037,8542,import port, CHENNAI AIR,0.26
1038,8542,import port, NHAVA SHEVA SEA,0.16
1039,8542,import port, SEZ NOKIA Chennai,0.12
1040,7320,country, GERMANY,0.15
1041,7320,country, JAPAN,0.09
1042,7320,country, CHINA P RP,0.09
1043,7320,country, U S A,0.06
1044,7320,country, KOREA RP,0.06
1045,7320,country, U K,0.03
1046,7320,country, ITALY,0.03
1047,7320,country, THAILAND,0.03
1048,7320,country, SWITZERLAND,0.02
1049,7320,country, SWEDEN,0.01
1050,7320,import port, CHENNAI SEA,0.16
1051,7320,import port, NHAVA SHEVA SEA,0.10
1052,7320,import port, MUMBAI AIR,0.07
1053,7320,import port, CHENNAI AIR,0.05
1054,7320,import port, DELHI AIR,0.05
1055,7320,import port, BANGALORE AIRPORT,0.03
1056,7320,import port, ICD GARHIHARSARU,0.03
1057,7320,import port, CFS PATPARGANJ,0.03
1058,7320,import port, DELHI (ICD),0.02
1059,7320,import port, KOLKATA SEA,0.02
1060,8205,country, CHINA P RP,0.06
1061,8205,country, GERMANY,0.04
1062,8205,country, JAPAN,0.04
1063,8205,country, U S A,0.03
1064,8205,country, SINGAPORE,0.01
1065,8205,country, TAIWAN,0.01
1066,8205,country, FRANCE,0.01
1067,8205,country, U K,0.01
1068,8205,country, SWITZERLAND,0.01
1069,8205,country, KOREA RP,0.01
1070,8205,import port, NHAVA SHEVA SEA,0.04
1071,8205,import port, MUMBAI AIR,0.04
1072,8205,import port, DELHI AIR,0.03
1073,8205,import port, KOLKATA AIR,0.02
1074,8205,import port, CHENNAI SEA,0.02
1075,8205,import port, BANGALORE AIRPORT,0.01
1076,8205,import port, CHENNAI AIR,0.01
1077,8205,import port, MUMBAI SEA,0.01
1078,8205,import port, DELHI (ICD),0.01
1079,8205,import port, MAHA AIRPORT DEV CORP NAGPUR,0.01
1080,7204,country, U ARAB EMTS,2.66
1081,7204,country, U K,2.59
1082,7204,country, SOUTH AFRICA,2.32
1083,7204,country, U S A,1.39
1084,7204,country, NETHERLAND,1.00
1085,7204,country, MALAYSIA,1.00
1086,7204,country, SINGAPORE,0.94
1087,7204,country, THAILAND,0.86
1088,7204,country, AUSTRALIA,0.83
1089,7204,country, GERMANY,0.65
1090,7204,import port, NHAVA SHEVA SEA,5.81
1091,7204,import port, ICD LUDHIANA,3.02
1092,7204,import port, CHENNAI SEA,2.76
1093,7204,import port, VISAKHAPATNAM SEA,1.69
1094,7204,import port, ICD LONI,1.32
1095,7204,import port, MUNDRA,0.83
1096,7204,import port, ICD SABARMATI,0.71
1097,7204,import port, KOLKATA SEA,0.59
1098,7204,import port, ICD KANAKPURA,0.57
1099,7204,import port, ICD GARHIHARSARU,0.38
1100,4821,country, HONG KONG,0.12
1101,4821,country, U S A,0.09
1102,4821,country, CHINA P RP,0.08
1103,4821,country, SRI LANKA DSR,0.03
1104,4821,country, GERMANY,0.02
1105,4821,country, KOREA RP,0.01
1106,4821,country, U ARAB EMTS,0.01
1107,4821,country, U K,0.01
1108,4821,country, TAIWAN,0.01
1109,4821,country, ITALY,0.01
1110,4821,import port, DELHI AIR,0.08
1111,4821,import port, BANGALORE AIRPORT,0.06
1112,4821,import port, CHENNAI AIR,0.05
1113,4821,import port, NHAVA SHEVA SEA,0.04
1114,4821,import port, MUMBAI AIR,0.04
1115,4821,import port, CHENNAI SEA,0.03
1116,4821,import port, SERUM BIO PHARM PARK  SEZ PUNE,0.03
1117,4821,import port, HYDERABAD AIRPORT,0.02
1118,4821,import port, Brandix IndiaApparel Pvt Ltd  ,0.02
1119,4821,import port, CHEYYAR SEZ CHEEYAR TAMILNADU ,0.01
1120,9030,country, U S A,0.75
1121,9030,country, MALAYSIA,0.24
1122,9030,country, GERMANY,0.21
1123,9030,country, CHINA P RP,0.16
1124,9030,country, THAILAND,0.13
1125,9030,country, JAPAN,0.10
1126,9030,country, U K,0.09
1127,9030,country, SINGAPORE,0.09
1128,9030,country, CANADA,0.06
1129,9030,country, FRANCE,0.06
1130,9030,import port, BANGALORE AIRPORT,0.94
1131,9030,import port, MUMBAI AIR,0.32
1132,9030,import port, DELHI AIR,0.24
1133,9030,import port, HYDERABAD AIRPORT,0.23
1134,9030,import port, CHENNAI AIR,0.12
1135,9030,import port, NHAVA SHEVA SEA,0.09
1136,9030,import port, SIPCT ELE HW HITE SEZ ORAGADAM,0.06
1137,9030,import port, KOLKATA AIR,0.03
1138,9030,import port, J MATADEE CHENNAI,0.03
1139,9030,import port, AHMEDABAD AIR CARGO COMPLEX,0.02
1140,8538,country, GERMANY,0.81
1141,8538,country, CHINA P RP,0.80
1142,8538,country, FRANCE,0.32
1143,8538,country, U S A,0.27
1144,8538,country, KOREA RP,0.24
1145,8538,country, JAPAN,0.24
1146,8538,country, ITALY,0.15
1147,8538,country, SINGAPORE,0.15
1148,8538,country, SWITZERLAND,0.13
1149,8538,country, U K,0.11
1150,8538,import port, MUMBAI AIR,0.98
1151,8538,import port, CHENNAI SEA,0.56
1152,8538,import port, BANGALORE AIRPORT,0.50
1153,8538,import port, NHAVA SHEVA SEA,0.44
1154,8538,import port, CHENNAI AIR,0.39
1155,8538,import port, DELHI AIR,0.23
1156,8538,import port, HYDERABAD AIRPORT,0.16
1157,8538,import port, SEZ Cochin,0.14
1158,8538,import port, ICD BANGALORE,0.07
1159,8538,import port, MUNDRA,0.07
1160,8516,country, CHINA P RP,1.53
1161,8516,country, FRANCE,0.21
1162,8516,country, MALAYSIA,0.15
1163,8516,country, GERMANY,0.04
1164,8516,country, U S A,0.03
1165,8516,country, ITALY,0.03
1166,8516,country, JAPAN,0.02
1167,8516,country, KOREA RP,0.02
1168,8516,country, U K,0.02
1169,8516,country, THAILAND,0.01
1170,8516,import port, NHAVA SHEVA SEA,0.95
1171,8516,import port, CHENNAI SEA,0.32
1172,8516,import port, DELHI (ICD),0.20
1173,8516,import port, ICD BANGALORE,0.08
1174,8516,import port, KOLKATA SEA,0.07
1175,8516,import port, CFS STARTRACK DADRI,0.05
1176,8516,import port, MUMBAI AIR,0.05
1177,8516,import port, ICD GARHIHARSARU,0.05
1178,8516,import port, ICD PATLI,0.04
1179,8516,import port, DELHI AIR,0.04
1180,3824,country, U S A,0.63
1181,3824,country, CHINA P RP,0.49
1182,3824,country, GERMANY,0.37
1183,3824,country, KOREA RP,0.23
1184,3824,country, MALAYSIA,0.19
1185,3824,country, SINGAPORE,0.17
1186,3824,country, NETHERLAND,0.11
1187,3824,country, ITALY,0.09
1188,3824,country, JAPAN,0.09
1189,3824,country, QATAR,0.09
1190,3824,import port, NHAVA SHEVA SEA,1.65
1191,3824,import port, CHENNAI SEA,0.51
1192,3824,import port, MUMBAI AIR,0.22
1193,3824,import port, KOLKATA SEA,0.12
1194,3824,import port, MUNDRA,0.08
1195,3824,import port, BANGALORE AIRPORT,0.07
1196,3824,import port, KAKINADA SEA,0.07
1197,3824,import port, DELHI (ICD),0.06
1198,3824,import port, ICD SABARMATI,0.05
1199,3824,import port, DELHI AIR,0.05
1200,9026,country, U S A,0.16
1201,9026,country, GERMANY,0.16
1202,9026,country, CHINA P RP,0.13
1203,9026,country, JAPAN,0.12
1204,9026,country, U K,0.08
1205,9026,country, KOREA RP,0.06
1206,9026,country, NETHERLAND,0.04
1207,9026,country, SINGAPORE,0.03
1208,9026,country, FRANCE,0.03
1209,9026,country, ITALY,0.02
1210,9026,import port, MUMBAI AIR,0.26
1211,9026,import port, BANGALORE AIRPORT,0.16
1212,9026,import port, CHENNAI SEA,0.12
1213,9026,import port, NHAVA SHEVA SEA,0.08
1214,9026,import port, CHENNAI AIR,0.08
1215,9026,import port, DELHI AIR,0.07
1216,9026,import port, DELHI (ICD),0.04
1217,9026,import port," ARSHIYA INTL. FTWZ-SEZ, RAIGAD",0.02
1218,9026,import port, AHMEDABAD AIR CARGO COMPLEX,0.02
1219,9026,import port, KOLKATA AIR,0.02
1220,8448,country, GERMANY,0.49
1221,8448,country, SWITZERLAND,0.39
1222,8448,country, CHINA P RP,0.31
1223,8448,country, JAPAN,0.19
1224,8448,country, CZECH REPUBLIC,0.10
1225,8448,country, ITALY,0.07
1226,8448,country, BELGIUM,0.06
1227,8448,country, FRANCE,0.06
1228,8448,country, KOREA RP,0.04
1229,8448,country, SINGAPORE,0.03
1230,8448,import port, NHAVA SHEVA SEA,0.67
1231,8448,import port, MUMBAI AIR,0.26
1232,8448,import port, CHENNAI SEA,0.21
1233,8448,import port, CHENNAI AIR,0.18
1234,8448,import port, DELHI AIR,0.16
1235,8448,import port, BANGALORE AIRPORT,0.05
1236,8448,import port, ICD LUDHIANA,0.04
1237,8448,import port, AHMEDABAD AIR CARGO COMPLEX,0.04
1238,8448,import port, TUTICORIN SEA,0.04
1239,8448,import port, MUNDRA,0.03
1240,3919,country, CHINA P RP,0.36
1241,3919,country, U S A,0.23
1242,3919,country, JAPAN,0.16
1243,3919,country, GERMANY,0.15
1244,3919,country, KOREA RP,0.14
1245,3919,country, TAIWAN,0.04
1246,3919,country, U K,0.04
1247,3919,country, HONG KONG,0.04
1248,3919,country, THAILAND,0.03
1249,3919,country, INDONESIA,0.03
1250,3919,import port, NHAVA SHEVA SEA,0.50
1251,3919,import port, ICD BANGALORE,0.16
1252,3919,import port, CHENNAI SEA,0.13
1253,3919,import port, DELHI AIR,0.12
1254,3919,import port, MUMBAI AIR,0.09
1255,3919,import port, DELHI (ICD),0.07
1256,3919,import port, BANGALORE AIRPORT,0.06
1257,3919,import port, CFS PATPARGANJ,0.04
1258,3919,import port, KOLKATA SEA,0.02
1259,3919,import port, CHENNAI AIR,0.02
1260,4911,country, U S A,0.11
1261,4911,country, CHINA P RP,0.04
1262,4911,country, GERMANY,0.04
1263,4911,country, RUSSIA,0.01
1264,4911,country, SINGAPORE,0.01
1265,4911,country, JAPAN,0.01
1266,4911,country, ITALY,0.01
1267,4911,country, NETHERLAND,0.01
1268,4911,country, U K,0.00
1269,4911,country, FRANCE,0.00
1270,4911,import port, MUMBAI AIR,0.13
1271,4911,import port, NHAVA SHEVA SEA,0.04
1272,4911,import port, DELHI AIR,0.03
1273,4911,import port, BANGALORE AIRPORT,0.02
1274,4911,import port, CHENNAI AIR,0.01
1275,4911,import port, KOLKATA SEA,0.01
1276,4911,import port, CHENNAI SEA,0.01
1277,4911,import port, DELHI (ICD),0.01
1278,4911,import port, TRIVANDRUM AIRPORT,0.00
1279,4911,import port, KOLKATA AIR,0.00
1280,8512,country, GERMANY,0.28
1281,8512,country, CHINA P RP,0.17
1282,8512,country, THAILAND,0.16
1283,8512,country, KOREA RP,0.13
1284,8512,country, JAPAN,0.06
1285,8512,country, CZECH REPUBLIC,0.04
1286,8512,country, ROMANIA,0.04
1287,8512,country, U S A,0.03
1288,8512,country, ITALY,0.03
1289,8512,country, U K,0.03
1290,8512,import port, NHAVA SHEVA SEA,0.34
1291,8512,import port, CHENNAI SEA,0.33
1292,8512,import port, ICD GARHIHARSARU,0.08
1293,8512,import port, KATTUPALLI PORT/ TIRUVALLUR,0.07
1294,8512,import port, DELHI AIR,0.05
1295,8512,import port, ICD Irungattukottai,0.04
1296,8512,import port, DELHI (ICD),0.04
1297,8512,import port, CFS PATPARGANJ,0.03
1298,8512,import port, MUMBAI AIR,0.03
1299,8512,import port, CHENNAI AIR,0.03
1300,8301,country, CHINA P RP,0.32
1301,8301,country, KOREA RP,0.16
1302,8301,country, U S A,0.07
1303,8301,country, THAILAND,0.06
1304,8301,country, GERMANY,0.05
1305,8301,country, FRANCE,0.03
1306,8301,country, JAPAN,0.03
1307,8301,country, TAIWAN,0.02
1308,8301,country, SPAIN,0.01
1309,8301,country, FINLAND,0.01
1310,8301,import port, NHAVA SHEVA SEA,0.27
1311,8301,import port, CHENNAI SEA,0.25
1312,8301,import port, MUMBAI AIR,0.06
1313,8301,import port, DELHI (ICD),0.05
1314,8301,import port, BANGALORE AIRPORT,0.05
1315,8301,import port, CFS PATPARGANJ,0.03
1316,8301,import port, DELHI AIR,0.03
1317,8301,import port, CHENNAI AIR,0.02
1318,8301,import port, MUMBAI SEA,0.02
1319,8301,import port, ICD Irungattukottai,0.02
1320,4010,country, CHINA P RP,0.10
1321,4010,country, GERMANY,0.06
1322,4010,country, JAPAN,0.06
1323,4010,country, ITALY,0.04
1324,4010,country, U S A,0.03
1325,4010,country, U K,0.03
1326,4010,country, SWITZERLAND,0.03
1327,4010,country, THAILAND,0.02
1328,4010,country, KOREA RP,0.01
1329,4010,country, SINGAPORE,0.01
1330,4010,import port, NHAVA SHEVA SEA,0.15
1331,4010,import port, CHENNAI SEA,0.10
1332,4010,import port, MUMBAI AIR,0.04
1333,4010,import port, DELHI (ICD),0.04
1334,4010,import port, KOLKATA SEA,0.02
1335,4010,import port, MARMAGOA SEA,0.02
1336,4010,import port, DELHI AIR,0.02
1337,4010,import port, CHENNAI AIR,0.02
1338,4010,import port, J MATADEE CHENNAI,0.01
1339,4010,import port, BANGALORE AIRPORT,0.01
1340,8467,country, CHINA P RP,0.55
1341,8467,country, GERMANY,0.13
1342,8467,country, JAPAN,0.06
1343,8467,country, U S A,0.06
1344,8467,country, SWEDEN,0.05
1345,8467,country, TAIWAN,0.04
1346,8467,country, MALAYSIA,0.03
1347,8467,country, THAILAND,0.03
1348,8467,country, BELGIUM,0.03
1349,8467,country, FRANCE,0.01
1350,8467,import port, NHAVA SHEVA SEA,0.25
1351,8467,import port, CHENNAI SEA,0.23
1352,8467,import port, ICD BANGALORE,0.12
1353,8467,import port, MUMBAI AIR,0.12
1354,8467,import port, DELHI (ICD),0.11
1355,8467,import port, DELHI AIR,0.05
1356,8467,import port, BANGALORE AIRPORT,0.04
1357,8467,import port, CHENNAI AIR,0.04
1358,8467,import port, KOLKATA SEA,0.03
1359,8467,import port, CFS PATPARGANJ,0.01
1360,8507,country, CHINA P RP,1.86
1361,8507,country, VIETNAM SOC REP,0.39
1362,8507,country, U S A,0.23
1363,8507,country, THAILAND,0.15
1364,8507,country, MALAYSIA,0.10
1365,8507,country, KOREA RP,0.10
1366,8507,country, JAPAN,0.08
1367,8507,country, SRI LANKA DSR,0.07
1368,8507,country, INDONESIA,0.06
1369,8507,country, GERMANY,0.05
1370,8507,import port, NHAVA SHEVA SEA,1.09
1371,8507,import port, DELHI AIR,0.70
1372,8507,import port, CHENNAI SEA,0.56
1373,8507,import port, DELHI (ICD),0.15
1374,8507,import port, KOLKATA SEA,0.11
1375,8507,import port, BANGALORE AIRPORT,0.10
1376,8507,import port, CFS PATPARGANJ,0.09
1377,8507,import port, MUMBAI AIR,0.07
1378,8507,import port, CHENNAI AIR,0.06
1379,8507,import port, ICD BANGALORE,0.05
1380,2933,country, CHINA P RP,4.73
1381,2933,country, U S A,0.32
1382,2933,country, GERMANY,0.24
1383,2933,country, NETHERLAND,0.16
1384,2933,country, JAPAN,0.14
1385,2933,country, ITALY,0.13
1386,2933,country, POLAND,0.12
1387,2933,country, HONG KONG,0.11
1388,2933,country, RUSSIA,0.11
1389,2933,country, FRANCE,0.10
1390,2933,import port, NHAVA SHEVA SEA,2.47
1391,2933,import port, CHENNAI SEA,1.20
1392,2933,import port, HYDERABAD AIRPORT,0.44
1393,2933,import port, CHENNAI AIR,0.43
1394,2933,import port, VISAKHAPATNAM SEA,0.40
1395,2933,import port, MUMBAI AIR,0.38
1396,2933,import port, HETERO INFRA SEZ NAKKAPALLI AP,0.22
1397,2933,import port, ICD SABARMATI,0.18
1398,2933,import port," ARSHIYA INTL. FTWZ-SEZ, RAIGAD",0.14
1399,2933,import port, PIPAVAB(VICYOR),0.10
1400,2915,country, CHINA P RP,1.89
1401,2915,country, SINGAPORE,1.61
1402,2915,country, MALAYSIA,1.10
1403,2915,country, TAIWAN,0.39
1404,2915,country, SAUDI ARAB,0.28
1405,2915,country, U S A,0.27
1406,2915,country, GERMANY,0.22
1407,2915,country, IRAN,0.16
1408,2915,country, INDONESIA,0.12
1409,2915,country, BRAZIL,0.12
1410,2915,import port, NHAVA SHEVA SEA,2.35
1411,2915,import port, KANDLA SEA,1.11
1412,2915,import port, MUMBAI SEA,0.80
1413,2915,import port, CHENNAI SEA,0.63
1414,2915,import port, MUNDRA,0.38
1415,2915,import port," HAZIRA PORT, SURAT",0.36
1416,2915,import port, KOLKATA SEA,0.28
1417,2915,import port, VISAKHAPATNAM SEA,0.11
1418,2915,import port, PIPAVAB(VICYOR),0.11
1419,2915,import port, ICD LUDHIANA,0.07
1420,4819,country, CHINA P RP,0.12
1421,4819,country, SRI LANKA DSR,0.03
1422,4819,country, HONG KONG,0.02
1423,4819,country, MALAYSIA,0.02
1424,4819,country, U S A,0.02
1425,4819,country, GERMANY,0.01
1426,4819,country, SOUTH AFRICA,0.01
1427,4819,country, ITALY,0.01
1428,4819,country, VIETNAM SOC REP,0.01
1429,4819,country, KOREA RP,0.01
1430,4819,import port, CHENNAI SEA,0.07
1431,4819,import port, NHAVA SHEVA SEA,0.06
1432,4819,import port, DELHI AIR,0.02
1433,4819,import port, CHEYYAR SEZ CHEEYAR TAMILNADU ,0.02
1434,4819,import port, DELHI (ICD),0.02
1435,4819,import port, COCHIN SEA,0.02
1436,4819,import port, CHENNAI AIR,0.01
1437,4819,import port, TUTICORIN SEA,0.01
1438,4819,import port, MUMBAI AIR,0.01
1439,4819,import port, KOLKATA SEA,0.01
1440,8412,country, GERMANY,0.22
1441,8412,country, JAPAN,0.21
1442,8412,country, CHINA P RP,0.20
1443,8412,country, ITALY,0.14
1444,8412,country, U S A,0.12
1445,8412,country, U K,0.07
1446,8412,country, SWEDEN,0.05
1447,8412,country, FRANCE,0.05
1448,8412,country, KOREA RP,0.05
1449,8412,country, CZECH REPUBLIC,0.04
1450,8412,import port, NHAVA SHEVA SEA,0.38
1451,8412,import port, CHENNAI SEA,0.26
1452,8412,import port, BANGALORE AIRPORT,0.14
1453,8412,import port, MUMBAI AIR,0.12
1454,8412,import port, CHENNAI AIR,0.09
1455,8412,import port, KOLKATA SEA,0.09
1456,8412,import port, DELHI AIR,0.05
1457,8412,import port, TUTICORIN SEA,0.04
1458,8412,import port, COCHIN SEA,0.04
1459,8412,import port, ICD BANGALORE,0.02
1460,2905,country, SAUDI ARAB,2.93
1461,2905,country, IRAN,2.89
1462,2905,country, KUWAIT,2.25
1463,2905,country, SINGAPORE,1.13
1464,2905,country, GERMANY,0.67
1465,2905,country, MALAYSIA,0.63
1466,2905,country, CHINA P RP,0.54
1467,2905,country, INDONESIA,0.41
1468,2905,country, U S A,0.30
1469,2905,country, KOREA RP,0.28
1470,2905,import port, NHAVA SHEVA SEA,3.69
1471,2905,import port, MUMBAI SEA,3.67
1472,2905,import port, KANDLA SEA,2.80
1473,2905,import port, KOLKATA SEA,0.71
1474,2905,import port, MUNDRA,0.61
1475,2905,import port, VISAKHAPATNAM SEA,0.34
1476,2905,import port, CHENNAI SEA,0.27
1477,2905,import port, DEHEJ SEA,0.26
1478,2905,import port," HAZIRA PORT, SURAT",0.26
1479,2905,import port, SIKKA,0.21
1480,8531,country, CHINA P RP,0.39
1481,8531,country, MALAYSIA,0.13
1482,8531,country, U S A,0.12
1483,8531,country, SINGAPORE,0.08
1484,8531,country, U K,0.07
1485,8531,country, KOREA RP,0.05
1486,8531,country, GERMANY,0.04
1487,8531,country, TAIWAN,0.02
1488,8531,country, HONG KONG,0.02
1489,8531,country, JAPAN,0.02
1490,8531,import port, DELHI AIR,0.20
1491,8531,import port, MUMBAI AIR,0.17
1492,8531,import port," ARSHIYA INTL. FTWZ-SEZ, RAIGAD",0.12
1493,8531,import port, CHENNAI SEA,0.11
1494,8531,import port, NHAVA SHEVA SEA,0.10
1495,8531,import port, CFS PATPARGANJ,0.08
1496,8531,import port, BANGALORE AIRPORT,0.07
1497,8531,import port, CHENNAI AIR,0.04
1498,8531,import port, ICD GARHIHARSARU,0.04
1499,8531,import port, ICD BANGALORE,0.03
1500,8505,country, CHINA P RP,0.50
1501,8505,country, GERMANY,0.07
1502,8505,country, JAPAN,0.04
1503,8505,country, INDONESIA,0.03
1504,8505,country, THAILAND,0.02
1505,8505,country, KOREA RP,0.02
1506,8505,country, U K,0.02
1507,8505,country, SINGAPORE,0.02
1508,8505,country, U S A,0.02
1509,8505,country, HONG KONG,0.02
1510,8505,import port, CHENNAI SEA,0.13
1511,8505,import port, NHAVA SHEVA SEA,0.12
1512,8505,import port, DELHI (ICD),0.09
1513,8505,import port, CFS PATPARGANJ,0.07
1514,8505,import port, DELHI AIR,0.06
1515,8505,import port, MUMBAI AIR,0.04
1516,8505,import port, ICD GARHIHARSARU,0.04
1517,8505,import port, CHENNAI EPZ,0.03
1518,8505,import port, BANGALORE AIRPORT,0.03
1519,8505,import port, J MATADEE CHENNAI,0.03
1520,8529,country, CHINA P RP,4.48
1521,8529,country, KOREA RP,0.84
1522,8529,country, ISRAEL,0.38
1523,8529,country, U S A,0.27
1524,8529,country, THAILAND,0.25
1525,8529,country, GERMANY,0.15
1526,8529,country, INDONESIA,0.14
1527,8529,country, MALAYSIA,0.13
1528,8529,country, SPAIN,0.11
1529,8529,country, SINGAPORE,0.10
1530,8529,import port, NHAVA SHEVA SEA,2.66
1531,8529,import port, DELHI AIR,1.08
1532,8529,import port, DELHI (ICD),0.86
1533,8529,import port, CHENNAI SEA,0.60
1534,8529,import port, MUMBAI AIR,0.32
1535,8529,import port, BANGALORE AIRPORT,0.26
1536,8529,import port, HYDERABAD AIRPORT,0.22
1537,8529,import port, CGML DADRI,0.22
1538,8529,import port, ICD GARHIHARSARU,0.17
1539,8529,import port, CFS ALBATROSS/ICD DADRI,0.16
1540,8308,country, CHINA P RP,0.26
1541,8308,country, HONG KONG,0.11
1542,8308,country, FRANCE,0.04
1543,8308,country, ITALY,0.03
1544,8308,country, TAIWAN,0.03
1545,8308,country, GERMANY,0.02
1546,8308,country, U S A,0.02
1547,8308,country, SPAIN,0.01
1548,8308,country, KOREA RP,0.01
1549,8308,country, SRI LANKA DSR,0.01
1550,8308,import port, DELHI AIR,0.11
1551,8308,import port, CHENNAI AIR,0.10
1552,8308,import port, CHENNAI SEA,0.05
1553,8308,import port, NHAVA SHEVA SEA,0.04
1554,8308,import port, KOLKATA AIR,0.04
1555,8308,import port, DELHI (ICD),0.04
1556,8308,import port, BANGALORE AIRPORT,0.03
1557,8308,import port, MUMBAI SEA,0.03
1558,8308,import port, SEZ Noida ,0.03
1559,8308,import port, MAHINDRA CITY TEXTILES SEZ TN ,0.02
1560,3506,country, CHINA P RP,0.30
1561,3506,country, U S A,0.12
1562,3506,country, GERMANY,0.08
1563,3506,country, JAPAN,0.07
1564,3506,country, KOREA RP,0.06
1565,3506,country, TAIWAN,0.06
1566,3506,country, ITALY,0.04
1567,3506,country, U K,0.03
1568,3506,country, THAILAND,0.02
1569,3506,country, MALAYSIA,0.02
1570,3506,import port, NHAVA SHEVA SEA,0.40
1571,3506,import port, CHENNAI SEA,0.13
1572,3506,import port, DELHI (ICD),0.08
1573,3506,import port, ICD BANGALORE,0.06
1574,3506,import port, DELHI AIR,0.03
1575,3506,import port, MUMBAI AIR,0.03
1576,3506,import port, CFS PATPARGANJ,0.03
1577,3506,import port, BANGALORE AIRPORT,0.02
1578,3506,import port, MUNDRA,0.02
1579,3506,import port, KOLKATA SEA,0.01
1580,8418,country, CHINA P RP,1.14
1581,8418,country, THAILAND,0.33
1582,8418,country, KOREA RP,0.22
1583,8418,country, U S A,0.15
1584,8418,country, GERMANY,0.07
1585,8418,country, ITALY,0.07
1586,8418,country, INDONESIA,0.05
1587,8418,country, MALAYSIA,0.04
1588,8418,country, FRANCE,0.04
1589,8418,country, VIETNAM SOC REP,0.04
1590,8418,import port, NHAVA SHEVA SEA,0.94
1591,8418,import port, CHENNAI SEA,0.39
1592,8418,import port, CFS STARTRACK DADRI,0.15
1593,8418,import port, DELHI (ICD),0.14
1594,8418,import port, ICD BANGALORE,0.08
1595,8418,import port, ICD Irungattukottai,0.08
1596,8418,import port, MUMBAI AIR,0.08
1597,8418,import port, KOLKATA SEA,0.07
1598,8418,import port, DELHI AIR,0.06
1599,8418,import port, CFS ALBATROSS/ICD DADRI,0.04
1600,3208,country, GERMANY,0.15
1601,3208,country, ITALY,0.09
1602,3208,country, U S A,0.08
1603,3208,country, KOREA RP,0.08
1604,3208,country, THAILAND,0.07
1605,3208,country, SWITZERLAND,0.07
1606,3208,country, FRANCE,0.05
1607,3208,country, CHINA P RP,0.05
1608,3208,country, JAPAN,0.05
1609,3208,country, U K,0.04
1610,3208,import port, NHAVA SHEVA SEA,0.41
1611,3208,import port, CHENNAI SEA,0.12
1612,3208,import port, DELHI (ICD),0.08
1613,3208,import port, KOLKATA SEA,0.06
1614,3208,import port, MUMBAI AIR,0.05
1615,3208,import port, BANGALORE AIRPORT,0.03
1616,3208,import port, ICD GARHIHARSARU,0.03
1617,3208,import port, ICD BANGALORE,0.03
1618,3208,import port, CFS ALBATROSS/ICD DADRI,0.02
1619,3208,import port, DELHI AIR,0.02
1620,4002,country, KOREA RP,2.26
1621,4002,country, RUSSIA,0.90
1622,4002,country, U S A,0.70
1623,4002,country, JAPAN,0.63
1624,4002,country, POLAND,0.27
1625,4002,country, FRANCE,0.27
1626,4002,country, THAILAND,0.23
1627,4002,country, GERMANY,0.19
1628,4002,country, U K,0.16
1629,4002,country, INDONESIA,0.16
1630,4002,import port, NHAVA SHEVA SEA,2.08
1631,4002,import port, CHENNAI SEA,1.42
1632,4002,import port, COCHIN SEA,0.71
1633,4002,import port, DELHI (ICD),0.55
1634,4002,import port, MUNDRA,0.25
1635,4002,import port, SIPCOT TRNSPRT GONGAI KONDON,0.22
1636,4002,import port, ICD FARIDABAD,0.16
1637,4002,import port, ICD  PITHAMPUR  (INDORE),0.15
1638,4002,import port, ICD TUTICORIN,0.15
1639,4002,import port, KOLKATA SEA,0.14
1640,4811,country, CHINA P RP,0.39
1641,4811,country, U S A,0.29
1642,4811,country, GERMANY,0.18
1643,4811,country, KOREA RP,0.15
1644,4811,country, JAPAN,0.07
1645,4811,country, TAIWAN,0.07
1646,4811,country, BELGIUM,0.07
1647,4811,country, U K,0.06
1648,4811,country, SPAIN,0.06
1649,4811,country, MALAYSIA,0.06
1650,4811,import port, NHAVA SHEVA SEA,0.66
1651,4811,import port, DELHI (ICD),0.34
1652,4811,import port, CHENNAI SEA,0.19
1653,4811,import port, COCHIN SEA,0.06
1654,4811,import port, ICD PATLI,0.05
1655,4811,import port, ICD LUDHIANA,0.04
1656,4811,import port, KOLKATA SEA,0.04
1657,4811,import port, ICD SABARMATI,0.04
1658,4811,import port, CFS PATPARGANJ,0.03
1659,4811,import port, ICD BANGALORE,0.02
1660,8511,country, JAPAN,0.36
1661,8511,country, KOREA RP,0.27
1662,8511,country, U S A,0.26
1663,8511,country, CHINA P RP,0.22
1664,8511,country, GERMANY,0.12
1665,8511,country, THAILAND,0.11
1666,8511,country, FRANCE,0.04
1667,8511,country, U K,0.03
1668,8511,country, PHILIPPINES,0.02
1669,8511,country, BRAZIL,0.02
1670,8511,import port, CHENNAI SEA,0.47
1671,8511,import port, DELHI AIR,0.26
1672,8511,import port, NHAVA SHEVA SEA,0.20
1673,8511,import port, ICD GARHIHARSARU,0.15
1674,8511,import port, CFS ALBATROSS/ICD DADRI,0.07
1675,8511,import port, ICD Sattva Pullichappallam,0.06
1676,8511,import port, CGML DADRI,0.05
1677,8511,import port, MUMBAI AIR,0.05
1678,8511,import port, ICD NOIDA-DADRI,0.05
1679,8511,import port, CFS PATPARGANJ,0.03
1680,3921,country, CHINA P RP,0.31
1681,3921,country, U S A,0.11
1682,3921,country, GERMANY,0.10
1683,3921,country, BELGIUM,0.07
1684,3921,country, KOREA RP,0.07
1685,3921,country, U ARAB EMTS,0.06
1686,3921,country, ITALY,0.06
1687,3921,country, U K,0.04
1688,3921,country, JAPAN,0.04
1689,3921,country, AUSTRIA,0.04
1690,3921,import port, NHAVA SHEVA SEA,0.31
1691,3921,import port, CHENNAI SEA,0.22
1692,3921,import port, DELHI (ICD),0.17
1693,3921,import port, ICD MALANPUR,0.06
1694,3921,import port, ICD BANGALORE,0.06
1695,3921,import port, COCHIN SEA,0.04
1696,3921,import port, MUMBAI AIR,0.03
1697,3921,import port, DELHI AIR,0.03
1698,3921,import port, FALTA EPZ,0.03
1699,3921,import port, CFS PATPARGANJ,0.03
1700,7602,country, SAUDI ARAB,1.30
1701,7602,country, U ARAB EMTS,1.20
1702,7602,country, U K,1.11
1703,7602,country, U S A,0.80
1704,7602,country, NETHERLAND,0.58
1705,7602,country, SOUTH AFRICA,0.43
1706,7602,country, AUSTRALIA,0.42
1707,7602,country, BELGIUM,0.37
1708,7602,country, GERMANY,0.31
1709,7602,country, KUWAIT,0.25
1710,7602,import port, NHAVA SHEVA SEA,2.20
1711,7602,import port, ICD SABARMATI,1.25
1712,7602,import port, CHENNAI SEA,1.14
1713,7602,import port, CFS STARTRACK DADRI,0.93
1714,7602,import port, CGML DADRI,0.72
1715,7602,import port, ICD NOIDA-DADRI,0.63
1716,7602,import port, ICD LONI,0.56
1717,7602,import port, MUNDRA,0.56
1718,7602,import port, CFS ALBATROSS/ICD DADRI,0.54
1719,7602,import port, ICD LUDHIANA,0.31
1720,4901,country, U K,0.64
1721,4901,country, U S A,0.31
1722,4901,country, SINGAPORE,0.09
1723,4901,country, CHINA P RP,0.05
1724,4901,country, RUSSIA,0.04
1725,4901,country, GERMANY,0.02
1726,4901,country, U ARAB EMTS,0.01
1727,4901,country, HONG KONG,0.01
1728,4901,country, AUSTRALIA,0.01
1729,4901,country, FRANCE,0.01
1730,4901,import port, DELHI AIR,0.49
1731,4901,import port, CFS PATPARGANJ,0.33
1732,4901,import port, DELHI (ICD),0.14
1733,4901,import port, NHAVA SHEVA SEA,0.07
1734,4901,import port, MUMBAI AIR,0.05
1735,4901,import port, CHENNAI SEA,0.04
1736,4901,import port, BANGALORE AIRPORT,0.02
1737,4901,import port, CHENNAI AIR,0.02
1738,4901,import port, ICD PATLI,0.01
1739,4901,import port, MUMBAI SEA,0.01
1740,3403,country, JAPAN,0.40
1741,3403,country, GERMANY,0.33
1742,3403,country, U S A,0.28
1743,3403,country, FRANCE,0.07
1744,3403,country, KOREA RP,0.06
1745,3403,country, ITALY,0.06
1746,3403,country, BELGIUM,0.05
1747,3403,country, NETHERLAND,0.05
1748,3403,country, CHINA P RP,0.04
1749,3403,country, SINGAPORE,0.02
1750,3403,import port, NHAVA SHEVA SEA,0.84
1751,3403,import port, CHENNAI SEA,0.23
1752,3403,import port, MUMBAI AIR,0.06
1753,3403,import port, DELHI (ICD),0.06
1754,3403,import port," ICD PANKI, UP",0.06
1755,3403,import port, KOLKATA SEA,0.05
1756,3403,import port, DELHI AIR,0.04
1757,3403,import port, ICD Juhi Railway Yard Kanpur,0.03
1758,3403,import port, BANGALORE AIRPORT,0.02
1759,3403,import port, CFS PATPARGANJ,0.02
1760,8484,country, GERMANY,0.11
1761,8484,country, JAPAN,0.08
1762,8484,country, U S A,0.07
1763,8484,country, KOREA RP,0.05
1764,8484,country, ITALY,0.04
1765,8484,country, CHINA P RP,0.04
1766,8484,country, U K,0.03
1767,8484,country, THAILAND,0.02
1768,8484,country, TAIWAN,0.01
1769,8484,country, SINGAPORE,0.01
1770,8484,import port, MUMBAI AIR,0.13
1771,8484,import port, NHAVA SHEVA SEA,0.12
1772,8484,import port, CHENNAI SEA,0.11
1773,8484,import port, BANGALORE AIRPORT,0.04
1774,8484,import port, CHENNAI AIR,0.04
1775,8484,import port, DELHI AIR,0.02
1776,8484,import port, KOLKATA SEA,0.01
1777,8484,import port, MUMBAI SEA,0.01
1778,8484,import port, HYDERABAD AIRPORT,0.01
1779,8484,import port, KOLKATA AIR,0.01
1780,7219,country, CHINA P RP,1.34
1781,7219,country, JAPAN,0.42
1782,7219,country, KOREA RP,0.38
1783,7219,country, MALAYSIA,0.38
1784,7219,country, BELGIUM,0.16
1785,7219,country, U S A,0.12
1786,7219,country, FINLAND,0.12
1787,7219,country, SOUTH AFRICA,0.11
1788,7219,country, GERMANY,0.10
1789,7219,country, FRANCE,0.10
1790,7219,import port, NHAVA SHEVA SEA,1.73
1791,7219,import port, MUMBAI SEA,0.60
1792,7219,import port, CHENNAI SEA,0.26
1793,7219,import port, MUNDRA,0.23
1794,7219,import port, ICD SABARMATI,0.21
1795,7219,import port, DELHI (ICD),0.20
1796,7219,import port, KANDLA SEA,0.13
1797,7219,import port, ICD  PITHAMPUR  (INDORE),0.12
1798,7219,import port, ICD BANGALORE,0.08
1799,7219,import port," ARSHIYA INTL. FTWZ-SEZ, RAIGAD",0.06
1800,6804,country, CHINA P RP,0.44
1801,6804,country, JAPAN,0.08
1802,6804,country, ITALY,0.07
1803,6804,country, THAILAND,0.07
1804,6804,country, GERMANY,0.05
1805,6804,country, AUSTRIA,0.04
1806,6804,country, U S A,0.02
1807,6804,country, TAIWAN,0.02
1808,6804,country, PHILIPPINES,0.02
1809,6804,country, SWITZERLAND,0.02
1810,6804,import port, MUNDRA,0.17
1811,6804,import port, CHENNAI SEA,0.15
1812,6804,import port, NHAVA SHEVA SEA,0.12
1813,6804,import port, ICD BANGALORE,0.08
1814,6804,import port, MUMBAI AIR,0.06
1815,6804,import port, DELHI (ICD),0.05
1816,6804,import port, DELHI AIR,0.05
1817,6804,import port, BANGALORE AIRPORT,0.05
1818,6804,import port, KOLKATA SEA,0.04
1819,6804,import port, CHENNAI AIR,0.03
1820,9401,country, CHINA P RP,0.51
1821,9401,country, GERMANY,0.25
1822,9401,country, U S A,0.20
1823,9401,country, THAILAND,0.17
1824,9401,country, U K,0.09
1825,9401,country, JAPAN,0.09
1826,9401,country, MALAYSIA,0.07
1827,9401,country, ITALY,0.05
1828,9401,country, KOREA RP,0.04
1829,9401,country, FRANCE,0.04
1830,9401,import port, NHAVA SHEVA SEA,0.77
1831,9401,import port, CHENNAI SEA,0.29
1832,9401,import port, ICD BANGALORE,0.11
1833,9401,import port, DELHI (ICD),0.07
1834,9401,import port, DELHI AIR,0.07
1835,9401,import port, ICD GARHIHARSARU,0.06
1836,9401,import port, MUMBAI AIR,0.05
1837,9401,import port, CGML DADRI,0.04
1838,9401,import port, CFS PATPARGANJ,0.03
1839,9401,import port, HYDERABAD AIRPORT,0.03
1840,8424,country, CHINA P RP,0.53
1841,8424,country, U S A,0.18
1842,8424,country, ISRAEL,0.16
1843,8424,country, GERMANY,0.15
1844,8424,country, ITALY,0.07
1845,8424,country, TAIWAN,0.06
1846,8424,country, JAPAN,0.04
1847,8424,country, FRANCE,0.04
1848,8424,country, U K,0.03
1849,8424,country, SWITZERLAND,0.02
1850,8424,import port, NHAVA SHEVA SEA,0.42
1851,8424,import port, CHENNAI SEA,0.22
1852,8424,import port, MUMBAI AIR,0.14
1853,8424,import port, ICD VADODARA/BARODA,0.10
1854,8424,import port, DELHI AIR,0.09
1855,8424,import port, DELHI (ICD),0.07
1856,8424,import port, ICD BANGALORE,0.04
1857,8424,import port, SEZ Indore,0.04
1858,8424,import port, ICD LUDHIANA,0.03
1859,8424,import port, KOLKATA SEA,0.03
1860,3904,country, TAIWAN,2.20
1861,3904,country, KOREA RP,2.03
1862,3904,country, CHINA P RP,2.03
1863,3904,country, BELGIUM,0.70
1864,3904,country, JAPAN,0.56
1865,3904,country, U S A,0.49
1866,3904,country, IRAN,0.38
1867,3904,country, GERMANY,0.37
1868,3904,country, THAILAND,0.29
1869,3904,country, NORWAY,0.18
1870,3904,import port, NHAVA SHEVA SEA,4.27
1871,3904,import port, DELHI (ICD),1.88
1872,3904,import port, CHENNAI SEA,1.29
1873,3904,import port, KOLKATA SEA,0.47
1874,3904,import port, ICD THAR DRY PORT,0.38
1875,3904,import port, TELEGAON,0.28
1876,3904,import port," ARSHIYA INTL. FTWZ-SEZ, RAIGAD",0.18
1877,3904,import port," ICD THAR DRY PORT, JODHPUR",0.15
1878,3904,import port, ICD LUDHIANA,0.12
1879,3904,import port, COCHIN SEA,0.11
1880,3215,country, SWITZERLAND,0.47
1881,3215,country, SPAIN,0.23
1882,3215,country, CHINA P RP,0.13
1883,3215,country, GERMANY,0.09
1884,3215,country, JAPAN,0.06
1885,3215,country, U K,0.05
1886,3215,country, KOREA RP,0.04
1887,3215,country, U S A,0.04
1888,3215,country, INDONESIA,0.03
1889,3215,country, SINGAPORE,0.03
1890,3215,import port, DELHI AIR,0.48
1891,3215,import port, NHAVA SHEVA SEA,0.25
1892,3215,import port, MUNDRA,0.14
1893,3215,import port, CHENNAI SEA,0.11
1894,3215,import port, MUMBAI AIR,0.07
1895,3215,import port, DELHI (ICD),0.07
1896,3215,import port, KOLKATA SEA,0.04
1897,3215,import port, CFS PATPARGANJ,0.03
1898,3215,import port, ICD SABARMATI,0.03
1899,3215,import port, AHMEDABAD AIR CARGO COMPLEX,0.02
1900,7304,country, CHINA P RP,3.42
1901,7304,country, JAPAN,0.66
1902,7304,country, U S A,0.25
1903,7304,country, SPAIN,0.23
1904,7304,country, GERMANY,0.19
1905,7304,country, ITALY,0.17
1906,7304,country, KOREA RP,0.10
1907,7304,country, FRANCE,0.09
1908,7304,country, BELGIUM,0.05
1909,7304,country, U K,0.05
1910,7304,import port, NHAVA SHEVA SEA,1.67
1911,7304,import port, CHENNAI SEA,0.95
1912,7304,import port, MUNDRA,0.76
1913,7304,import port, MUMBAI SEA,0.48
1914,7304,import port, ICD SABARMATI,0.34
1915,7304,import port, KOLKATA SEA,0.31
1916,7304,import port, ICD TONDIAR-PET CHENNAI,0.12
1917,7304,import port, SEZ Jamnagar (Reliance),0.11
1918,7304,import port, PIPAVAB(VICYOR),0.09
1919,7304,import port, DELHI (ICD),0.09
1920,5407,country, CHINA P RP,0.80
1921,5407,country, KOREA RP,0.09
1922,5407,country, TAIWAN,0.05
1923,5407,country, MALAYSIA,0.03
1924,5407,country, HONG KONG,0.03
1925,5407,country, INDONESIA,0.02
1926,5407,country, THAILAND,0.01
1927,5407,country, SAUDI ARAB,0.01
1928,5407,country, VIETNAM SOC REP,0.01
1929,5407,country, U ARAB EMTS,0.01
1930,5407,import port, DELHI (ICD),0.28
1931,5407,import port, NHAVA SHEVA SEA,0.22
1932,5407,import port, DELHI AIR,0.15
1933,5407,import port, CHENNAI SEA,0.14
1934,5407,import port, CFS PATPARGANJ,0.10
1935,5407,import port, CFS  MULUND,0.02
1936,5407,import port, CHENNAI EPZ,0.02
1937,5407,import port, ICD BANGALORE,0.02
1938,5407,import port, BANGALORE AIRPORT,0.02
1939,5407,import port, CHENNAI AIR,0.02
1940,4707,country, U S A,2.04
1941,4707,country, U ARAB EMTS,0.46
1942,4707,country, U K,0.40
1943,4707,country, SRI LANKA DSR,0.20
1944,4707,country, SAUDI ARAB,0.19
1945,4707,country, BELGIUM,0.13
1946,4707,country, KUWAIT,0.13
1947,4707,country, AUSTRALIA,0.09
1948,4707,country, NETHERLAND,0.09
1949,4707,country, NEW ZEALAND,0.08
1950,4707,import port, NHAVA SHEVA SEA,0.78
1951,4707,import port," HAZIRA PORT, SURAT",0.45
1952,4707,import port, TUTICORIN SEA,0.40
1953,4707,import port, ICD LUDHIANA,0.36
1954,4707,import port, ICD LONI,0.35
1955,4707,import port, MUNDRA,0.33
1956,4707,import port, ICD TUTICORIN,0.25
1957,4707,import port, CFS STARTRACK DADRI,0.21
1958,4707,import port, ICD THAR DRY PORT,0.12
1959,4707,import port, KOLKATA SEA,0.12
1960,4823,country, CHINA P RP,0.11
1961,4823,country, U S A,0.08
1962,4823,country, GERMANY,0.05
1963,4823,country, U K,0.03
1964,4823,country, ITALY,0.02
1965,4823,country, JAPAN,0.02
1966,4823,country, FRANCE,0.01
1967,4823,country, MALAYSIA,0.01
1968,4823,country, KOREA RP,0.01
1969,4823,country, SRI LANKA DSR,0.01
1970,4823,import port, NHAVA SHEVA SEA,0.12
1971,4823,import port, CHENNAI SEA,0.06
1972,4823,import port, DELHI (ICD),0.06
1973,4823,import port, KOLKATA SEA,0.03
1974,4823,import port, ICD FARIDABAD,0.02
1975,4823,import port, DELHI AIR,0.02
1976,4823,import port, MUMBAI AIR,0.02
1977,4823,import port, ICD BANGALORE,0.02
1978,4823,import port, COCHIN SEA,0.01
1979,4823,import port, CFS PATPARGANJ,0.01
1980,6204,country, CHINA P RP,0.16
1981,6204,country, SPAIN,0.06
1982,6204,country, BANGLADESH PR,0.05
1983,6204,country, SRI LANKA DSR,0.03
1984,6204,country, ITALY,0.02
1985,6204,country, U K,0.02
1986,6204,country, TURKEY,0.01
1987,6204,country, FRANCE,0.01
1988,6204,country, U S A,0.00
1989,6204,country, HONG KONG,0.00
1990,6204,import port, DELHI AIR,0.12
1991,6204,import port, MUMBAI AIR,0.11
1992,6204,import port, NHAVA SHEVA SEA,0.04
1993,6204,import port, PETRAPOLE LAND,0.04
1994,6204,import port, CHENNAI SEA,0.02
1995,6204,import port, BANGALORE AIRPORT,0.01
1996,6204,import port, DELHI (ICD),0.01
1997,6204,import port, CFS PATPARGANJ,0.01
1998,6204,import port, J MATADEE CHENNAI,0.01
1999,6204,import port, CHENGRABANDHA RLY.STATION,0.01
